minor,minor,16,minor,minor
10,8,minor,11,minor
minor,4,minor,minor,minor
4,minor,minor,8,18
3,5,14,minor,minor
14,1,6,minor,2
minor,minor,minor,8,19
10,8,minor,minor,4
minor,14,minor,minor,9
14,minor,17,minor,4
5,7,minor,minor,minor
6,5,minor,8,minor
5,minor,minor,minor,minor
minor,2,6,minor,minor
12,minor,3,minor,4
minor,11,3,4,minor
20,1,minor,17,5
14,13,16,minor,5
14,minor,16,4,13
14,minor,3,minor,16
12,15,11,1,minor
minor,minor,16,4,minor
16,15,17,20,2
15,6,minor,2,17
minor,minor,minor,2,minor
minor,minor,minor,1,7
14,20,minor,15,minor
9,13,1,6,minor
19,10,16,9,7
1,minor,17,minor,2
1,9,minor,minor,14
minor,21,minor,2,3
2,minor,1,minor,9
15,minor,minor,14,19
2,17,3,16,minor
minor,3,9,15,6
minor,8,20,minor,17
3,7,15,2,1
minor,minor,14,7,20
17,minor,minor,2,minor
2,minor,minor,minor,3
minor,minor,13,6,2
minor,5,7,minor,minor
4,1,16,19,17
10,13,16,minor,18
1,minor,16,13,4
8,7,minor,minor,minor
minor,minor,10,3,2
minor,3,minor,11,1
minor,16,minor,minor,minor
minor,minor,minor,1,minor
6,5,4,minor,10
12,minor,3,1,7
3,2,13,9,minor
4,15,minor,11,minor
10,14,minor,minor,16
18,4,6,minor,12
14,17,minor,minor,minor
6,17,4,minor,minor
minor,1,minor,minor,16
8,21,minor,minor,minor
14,4,minor,2,minor
minor,minor,minor,14,4
10,minor,13,3,7
12,1,3,minor,20
8,minor,3,4,minor
minor,minor,minor,minor,12
minor,minor,minor,21,5
14,7,minor,4,2
15,minor,minor,minor,5
1,8,minor,16,minor
1,13,minor,minor,2
minor,7,minor,minor,minor
2,minor,3,minor,minor
17,13,13,7,minor
17,minor,11,3,minor
minor,17,1,3,minor
minor,16,minor,minor,minor
minor,minor,minor,minor,minor
minor,minor,14,15,9
4,1,minor,21,minor
1,minor,minor,17,5
13,7,5,minor,6
minor,9,minor,17,minor
17,minor,minor,4,13
minor,minor,16,18,3
9,minor,2,6,19
5,8,14,minor,21
minor,13,minor,2,16
16,minor,2,19,17
minor,17,14,18,9
minor,4,1,13,6
minor,minor,minor,minor,minor
minor,21,1,minor,8
minor,minor,4,13,5
minor,minor,18,1,17
6,2,minor,minor,11
4,3,minor,minor,1
minor,10,7,16,14
10,minor,minor,minor,minor
minor,27,3,9,5
5,minor,minor,15,21
10,minor,16,14,9
16,7,minor,minor,minor
5,minor,10,minor,minor
minor,7,1,minor,14
17,12,5,18,16
minor,19,1,minor,4
18,16,19,6,minor
2,minor,minor,minor,minor
minor,minor,19,6,1
minor,2,minor,minor,minor
minor,minor,minor,minor,minor
minor,minor,minor,3,minor
minor,minor,13,minor,18
2,minor,3,19,17
20,minor,minor,6,5
16,13,4,3,15
6,1,minor,4,minor
minor,minor,minor,minor,1
minor,minor,6,minor,minor
minor,minor,minor,8,minor
19,minor,1,16,9
minor,minor,minor,minor,1
minor,7,15,minor,17
12,minor,4,minor,minor
4,18,minor,19,1
minor,7,minor,1,minor
5,6,7,minor,minor
1,13,17,minor,21
minor,11,7,13,minor
2,19,8,minor,minor
10,minor,9,17,4
minor,16,1,4,5
16,11,minor,8,3
16,18,2,11,minor
2,16,minor,minor,minor
20,2,16,minor,10
minor,minor,minor,5,minor
minor,1,2,minor,19
minor,minor,minor,minor,2
minor,minor,minor,1,14
9,minor,2,minor,5
12,minor,minor,17,11
17,10,minor,3,minor
minor,minor,minor,13,12
19,minor,2,10,minor
16,10,12,minor,13
minor,minor,5,16,minor
9,6,19,13,minor
minor,minor,minor,4,minor
minor,1,minor,minor,8
minor,4,14,5,17
minor,minor,7,minor,minor
minor,minor,minor,minor,minor
minor,13,1,minor,6
3,minor,4,8,1
17,minor,1,7,minor
minor,minor,7,minor,4
18,14,minor,20,3
minor,7,4,minor,8
17,4,14,minor,1
minor,minor,minor,6,minor
18,minor,8,minor,minor
4,21,minor,1,minor
18,minor,minor,21,5
4,minor,8,minor,1
5,6,minor,9,1
21,6,1,minor,11
minor,19,8,16,1
3,1,minor,20,minor
1,21,20,minor,3
2,minor,4,18,3
9,minor,6,10,1
8,6,minor,4,minor
7,minor,9,minor,minor
5,13,19,18,minor
minor,7,12,minor,minor
minor,17,14,1,minor
minor,9,minor,3,13
minor,minor,15,minor,13
5,4,10,13,7
minor,minor,2,minor,16
5,minor,8,minor,18
17,15,2,13,8
minor,minor,minor,5,13
2,minor,9,minor,18
minor,minor,minor,3,2
minor,10,17,14,minor
minor,minor,minor,minor,4
14,5,minor,9,2
minor,minor,4,5,13
1,8,minor,19,2
13,2,minor,5,14
minor,minor,minor,minor,minor
11,minor,3,1,5
18,minor,minor,2,minor
19,minor,minor,1,18
minor,16,minor,1,minor
13,7,minor,16,10
3,9,15,minor,2
3,8,1,minor,minor
12,3,minor,20,minor
minor,10,13,minor,minor
minor,6,minor,19,5
6,17,4,12,1
7,1,minor,2,minor
minor,11,minor,minor,minor
1,minor,minor,minor,minor
4,minor,minor,2,minor
minor,16,1,minor,minor
7,1,4,minor,minor
minor,19,1,13,minor
minor,18,4,20,12
2,minor,minor,minor,minor
minor,16,minor,1,minor
minor,20,minor,12,3
minor,minor,18,5,16
2,minor,12,20,1
minor,minor,8,minor,7
3,minor,16,6,16
minor,2,16,3,11
20,minor,minor,minor,minor
12,13,minor,minor,6
16,8,10,9,minor
4,6,minor,16,7
3,19,minor,17,14
9,7,8,16,minor
8,19,9,minor,3
5,16,minor,17,minor
2,12,minor,5,minor
21,17,14,minor,8
minor,minor,20,minor,14
minor,1,minor,minor,minor
minor,minor,17,minor,21
minor,8,16,minor,18
minor,18,3,minor,5
19,3,minor,minor,minor
14,minor,12,minor,minor
4,minor,minor,5,minor
10,minor,15,minor,minor
minor,minor,18,1,minor
minor,5,2,minor,minor
16,minor,minor,minor,minor
14,minor,16,7,minor
minor,16,6,4,minor
14,4,2,minor,minor
minor,20,6,minor,13
1,minor,minor,minor,14
2,16,15,14,1
17,11,13,6,2
17,1,20,minor,14
2,minor,minor,5,1
6,minor,1,5,minor
minor,minor,13,6,3
minor,6,10,16,12
minor,7,minor,minor,15
minor,13,minor,12,1
5,minor,minor,13,15
3,minor,minor,minor,minor
12,3,1,minor,2
minor,8,7,minor,10
8,2,17,minor,3
minor,13,16,8,2
13,17,minor,minor,minor
minor,7,14,4,minor
minor,4,minor,minor,minor
minor,10,1,2,minor
minor,2,17,10,6
3,minor,minor,minor,minor
minor,2,9,3,minor
2,3,12,minor,minor
minor,2,4,minor,minor
7,4,minor,minor,13
1,minor,10,minor,minor
5,3,2,minor,minor
minor,minor,3,minor,6
minor,8,minor,11,4
8,minor,1,4,minor
10,minor,3,minor,minor
minor,16,minor,8,16
8,minor,17,minor,5
6,4,16,minor,8
17,2,5,minor,minor
2,4,10,minor,minor
17,21,minor,minor,6
21,14,17,1,4
14,11,minor,8,4
15,minor,minor,5,minor
6,minor,4,1,2
12,minor,3,minor,1
14,minor,21,1,minor
minor,7,minor,13,minor
minor,minor,minor,11,minor
minor,minor,minor,12,minor
1,9,16,minor,minor
minor,12,17,11,7
minor,minor,minor,2,13
8,13,minor,minor,minor
minor,5,minor,2,minor
14,9,minor,minor,13
10,minor,minor,21,11
minor,3,minor,minor,minor
14,19,minor,9,minor
4,minor,minor,minor,10
minor,1,minor,minor,8
20,4,14,minor,2
minor,14,4,minor,16
minor,minor,minor,minor,13
3,6,minor,4,1
18,minor,minor,8,minor
5,9,minor,1,3
3,17,5,minor,4
minor,minor,3,13,16
13,14,2,minor,1
minor,12,6,minor,8
14,minor,4,8,2
9,minor,3,15,10
21,15,8,1,9
3,7,6,11,16
minor,minor,10,3,9
minor,minor,minor,minor,17
18,minor,minor,3,4
17,4,minor,minor,minor
minor,15,minor,minor,minor
minor,21,11,3,4
1,6,17,16,minor
18,minor,16,14,minor
minor,13,minor,minor,1
8,minor,minor,minor,13
4,minor,17,1,9
16,3,minor,minor,minor
minor,minor,minor,minor,minor
minor,8,minor,minor,minor
minor,minor,13,minor,none
6,7,16,minor,none
14,3,1,13,none
14,minor,18,minor,none
minor,11,14,21,none
18,20,1,minor,none
17,11,minor,1,none
17,5,minor,minor,none
minor,minor,4,3,none
1,minor,9,minor,none
minor,minor,minor,13,none
12,1,17,minor,none
minor,1,14,minor,none
15,minor,17,minor,none
11,minor,1,20,none
3,1,minor,16,none
10,13,14,8,none
minor,minor,7,minor,none
14,1,10,15,none
2,minor,minor,minor,none
2,minor,minor,minor,none
minor,minor,minor,minor,none
7,5,4,6,none
3,minor,10,19,none
minor,minor,4,16,none
4,10,1,minor,none
1,minor,minor,11,none
13,minor,2,minor,none
3,4,16,minor,none
minor,17,10,4,none
minor,20,15,minor,none
15,minor,minor,8,none
minor,3,4,5,none
minor,7,5,minor,none
minor,19,14,minor,none
9,10,1,minor,none
12,17,7,minor,none
minor,10,minor,minor,none
7,minor,13,20,none
18,4,2,15,none
7,21,8,10,none
minor,minor,6,minor,none
11,minor,1,5,none
7,minor,1,16,none
minor,18,minor,minor,none
minor,minor,17,minor,none
6,minor,21,minor,none
minor,6,5,13,none
15,17,minor,minor,none
minor,4,minor,16,none
7,18,minor,20,none
minor,9,18,minor,none
21,3,16,minor,none
19,minor,11,minor,none
21,minor,13,minor,none
minor,10,4,minor,none
20,2,minor,minor,none
5,7,20,4,none
19,minor,minor,12,none
minor,6,minor,minor,none
minor,15,2,minor,none
3,minor,minor,21,none
minor,minor,minor,minor,none
3,1,5,minor,none
2,11,19,5,none
minor,17,minor,minor,none
minor,minor,minor,7,none
2,minor,15,1,none
2,1,5,4,none
minor,20,14,9,none
minor,5,minor,minor,none
11,minor,minor,minor,none
1,minor,12,minor,none
14,minor,6,9,none
7,14,16,1,none
11,minor,minor,16,none
5,4,8,21,none
4,2,1,minor,none
3,1,10,minor,none
13,minor,minor,minor,none
15,8,minor,minor,none
9,minor,2,6,none
1,21,3,17,none
12,minor,4,17,none
minor,minor,minor,11,none
17,4,minor,minor,none
minor,13,minor,15,none
17,19,21,1,none
minor,11,6,minor,none
minor,5,minor,minor,none
9,13,2,minor,none
21,minor,minor,13,none
6,minor,11,minor,none
2,minor,14,1,none
3,minor,minor,minor,none
minor,20,minor,3,none
minor,4,minor,7,none
13,8,16,minor,none
16,minor,3,21,none
10,minor,17,11,none
minor,minor,minor,minor,none
3,7,minor,14,none
minor,minor,minor,7,none
13,minor,minor,5,none
11,1,2,12,none
minor,19,3,1,none
21,minor,16,12,none
6,9,minor,1,none
minor,5,17,18,none
12,minor,3,minor,none
5,20,10,6,none
15,minor,13,6,none
minor,13,7,9,none
3,minor,19,9,none
2,minor,minor,minor,none
13,minor,minor,minor,none
minor,minor,9,19,none
1,3,minor,minor,none
5,7,minor,14,none
2,minor,minor,minor,none
minor,2,minor,minor,none
6,21,11,12,none
minor,minor,17,minor,none
minor,9,minor,13,none
7,minor,20,17,none
minor,2,17,14,none
minor,1,9,11,none
minor,13,12,minor,none
1,minor,minor,minor,none
minor,8,minor,2,none
minor,minor,19,5,none
1,12,5,minor,none
8,minor,3,1,none
minor,10,minor,1,none
15,11,5,minor,none
16,2,minor,minor,none
minor,minor,8,9,none
minor,minor,minor,17,none
minor,5,minor,8,none
minor,5,minor,minor,none
18,minor,16,1,none
minor,3,19,minor,none
minor,minor,13,1,none
minor,11,9,minor,none
4,5,minor,14,none
7,minor,15,8,none
13,3,1,minor,none
minor,minor,4,18,none
2,7,13,15,none
12,17,minor,16,none
10,12,13,2,none
minor,minor,2,13,none
minor,minor,minor,minor,none
minor,minor,13,19,none
minor,minor,3,6,none
minor,3,8,minor,none
1,2,20,6,none
minor,minor,14,2,none
13,minor,3,14,none
minor,15,minor,14,none
8,minor,16,3,none
minor,minor,5,minor,none
minor,3,minor,10,none
16,minor,20,minor,none
1,14,8,7,none
17,minor,minor,3,none
19,3,6,4,none
13,minor,minor,none,none
16,18,minor,none,none
1,minor,minor,none,none
minor,5,minor,none,none
minor,minor,minor,none,none
minor,21,minor,none,none
minor,19,1,none,none
6,11,minor,none,none
1,11,minor,none,none
4,minor,10,none,none
15,1,4,none,none
1,14,minor,none,none
2,3,minor,none,none
minor,17,minor,none,none
minor,2,minor,none,none
minor,minor,17,none,none
3,15,17,none,none
12,minor,minor,none,none
2,9,minor,none,none
7,13,1,none,none
minor,8,14,none,none
13,16,minor,none,none
1,3,2,none,none
8,17,minor,none,none
minor,5,minor,none,none
minor,6,5,none,none
minor,13,5,none,none
minor,8,minor,none,none
minor,minor,minor,none,none
17,minor,minor,none,none
2,3,minor,none,none
9,5,minor,none,none
minor,minor,1,none,none
minor,16,16,none,none
14,1,minor,none,none
1,4,14,none,none
minor,minor,4,none,none
13,minor,1,none,none
minor,15,minor,none,none
11,1,minor,none,none
minor,3,1,none,none
minor,4,minor,none,none
minor,15,20,none,none
minor,7,5,none,none
minor,minor,minor,none,none
1,9,minor,none,none
5,minor,4,none,none
14,7,minor,none,none
1,13,11,none,none
minor,10,5,none,none
2,13,minor,none,none
minor,minor,18,none,none
minor,minor,minor,none,none
7,13,minor,none,none
minor,7,3,none,none
5,3,6,none,none
1,minor,6,none,none
minor,5,minor,none,none
minor,minor,minor,none,none
14,3,minor,none,none
5,minor,minor,none,none
5,21,minor,none,none
9,1,minor,none,none
minor,14,minor,none,none
minor,12,minor,none,none
minor,minor,minor,none,none
15,18,4,none,none
11,1,3,none,none
minor,14,4,none,none
minor,13,19,none,none
7,5,1,none,none
2,minor,14,none,none
16,minor,8,none,none
14,5,4,none,none
minor,17,minor,none,none
10,minor,minor,none,none
minor,minor,14,none,none
minor,1,minor,none,none
13,11,1,none,none
minor,minor,19,none,none
minor,minor,6,none,none
minor,minor,5,none,none
6,minor,minor,none,none
2,1,minor,none,none
minor,2,minor,none,none
minor,minor,3,none,none
6,4,19,none,none
13,11,4,none,none
12,minor,minor,none,none
20,minor,1,none,none
6,2,18,none,none
minor,minor,8,none,none
minor,minor,minor,none,none
1,minor,minor,none,none
18,minor,2,none,none
minor,3,9,none,none
13,minor,2,none,none
19,minor,4,none,none
4,minor,minor,none,none
minor,14,minor,none,none
12,minor,minor,none,none
8,14,minor,none,none
19,minor,2,none,none
2,minor,21,none,none
minor,5,minor,none,none
minor,18,minor,none,none
minor,minor,11,none,none
minor,minor,3,none,none
4,9,15,none,none
2,3,4,none,none
minor,11,minor,none,none
12,19,minor,none,none
2,13,minor,none,none
18,1,13,none,none
minor,minor,4,none,none
10,6,minor,none,none
minor,minor,minor,none,none
minor,3,9,none,none
1,8,minor,none,none
21,16,minor,none,none
16,minor,15,none,none
2,16,minor,none,none
minor,10,2,none,none
4,minor,5,none,none
14,minor,5,none,none
16,minor,minor,none,none
minor,6,15,none,none
minor,1,minor,none,none
3,13,11,none,none
minor,20,13,none,none
17,minor,10,none,none
minor,minor,minor,none,none
minor,minor,12,none,none
7,1,5,none,none
7,11,minor,none,none
1,21,minor,none,none
minor,21,minor,none,none
minor,minor,minor,none,none
minor,minor,minor,none,none
minor,10,7,none,none
minor,minor,minor,none,none
minor,1,10,none,none
minor,minor,minor,none,none
1,6,14,none,none
5,14,minor,none,none
4,20,minor,none,none
9,14,minor,none,none
minor,2,minor,none,none
minor,3,minor,none,none
minor,minor,11,none,none
minor,2,1,none,none
21,16,19,none,none
6,2,9,none,none
minor,14,5,none,none
4,minor,minor,none,none
1,minor,minor,none,none
minor,14,5,none,none
minor,minor,15,none,none
minor,2,minor,none,none
17,minor,7,none,none
20,minor,2,none,none
minor,19,7,none,none
1,7,minor,none,none
3,6,minor,none,none
minor,minor,minor,none,none
minor,21,minor,none,none
17,13,minor,none,none
3,6,none,none,none
minor,1,none,none,none
minor,11,none,none,none
minor,10,none,none,none
11,minor,none,none,none
4,8,none,none,none
17,14,none,none,none
minor,10,none,none,none
minor,minor,none,none,none
4,14,none,none,none
20,7,none,none,none
3,17,none,none,none
minor,minor,none,none,none
1,minor,none,none,none
minor,minor,none,none,none
2,minor,none,none,none
minor,4,none,none,none
minor,11,none,none,none
minor,minor,none,none,none
13,14,none,none,none
minor,14,none,none,none
minor,5,none,none,none
3,minor,none,none,none
16,4,none,none,none
minor,5,none,none,none
14,9,none,none,none
17,minor,none,none,none
11,2,none,none,none
8,14,none,none,none
minor,21,none,none,none
5,minor,none,none,none
minor,2,none,none,none
13,minor,none,none,none
6,17,none,none,none
minor,minor,none,none,none
9,17,none,none,none
minor,12,none,none,none
minor,minor,none,none,none
6,2,none,none,none
minor,4,none,none,none
1,5,none,none,none
20,18,none,none,none
minor,12,none,none,none
minor,minor,none,none,none
minor,minor,none,none,none
6,1,none,none,none
minor,minor,none,none,none
6,minor,none,none,none
7,1,none,none,none
minor,minor,none,none,none
minor,18,none,none,none
5,8,none,none,none
1,4,none,none,none
minor,11,none,none,none
7,5,none,none,none
10,6,none,none,none
21,9,none,none,none
1,7,none,none,none
minor,minor,none,none,none
20,3,none,none,none
3,minor,none,none,none
15,minor,none,none,none
minor,minor,none,none,none
1,13,none,none,none
minor,2,none,none,none
minor,minor,none,none,none
14,minor,none,none,none
17,minor,none,none,none
18,minor,none,none,none
8,minor,none,none,none
18,minor,none,none,none
minor,12,none,none,none
minor,6,none,none,none
minor,16,none,none,none
7,minor,none,none,none
minor,15,none,none,none
2,10,none,none,none
minor,minor,none,none,none
16,20,none,none,none
minor,minor,none,none,none
minor,minor,none,none,none
minor,minor,none,none,none
minor,minor,none,none,none
minor,5,none,none,none
minor,12,none,none,none
minor,minor,none,none,none
16,20,none,none,none
minor,6,none,none,none
1,10,none,none,none
8,20,none,none,none
5,minor,none,none,none
minor,minor,none,none,none
minor,minor,none,none,none
4,minor,none,none,none
9,minor,none,none,none
14,minor,none,none,none
16,8,none,none,none
minor,minor,none,none,none
minor,3,none,none,none
20,6,none,none,none
minor,minor,none,none,none
3,16,none,none,none
minor,1,none,none,none
20,7,none,none,none
4,6,none,none,none
minor,7,none,none,none
5,9,none,none,none
minor,minor,none,none,none
minor,minor,none,none,none
minor,minor,none,none,none
1,minor,none,none,none
17,1,none,none,none
minor,10,none,none,none
minor,minor,none,none,none
minor,13,none,none,none
minor,4,none,none,none
6,minor,none,none,none
minor,19,none,none,none
minor,minor,none,none,none
9,8,none,none,none
14,6,none,none,none
3,8,none,none,none
18,11,none,none,none
minor,20,none,none,none
5,minor,none,none,none
minor,13,none,none,none
17,minor,none,none,none
8,4,none,none,none
21,10,none,none,none
minor,21,none,none,none
minor,21,none,none,none
minor,minor,none,none,none
minor,13,none,none,none
minor,minor,none,none,none
1,minor,none,none,none
16,17,none,none,none
13,minor,none,none,none
8,12,none,none,none
12,1,none,none,none
14,3,none,none,none
8,minor,none,none,none
minor,1,none,none,none
minor,3,none,none,none
13,8,none,none,none
minor,3,none,none,none
15,9,none,none,none
8,minor,none,none,none
minor,minor,none,none,none
minor,18,none,none,none
minor,minor,none,none,none
5,minor,none,none,none
3,minor,none,none,none
14,minor,none,none,none
2,10,none,none,none
2,16,none,none,none
17,minor,none,none,none
minor,8,none,none,none
minor,13,none,none,none
12,11,none,none,none
9,6,none,none,none
16,7,none,none,none
minor,5,none,none,none
minor,5,none,none,none
minor,8,none,none,none
minor,minor,none,none,none
6,minor,none,none,none
minor,minor,none,none,none
minor,none,none,none,none
minor,none,none,none,none
18,none,none,none,none
minor,none,none,none,none
minor,none,none,none,none
5,none,none,none,none
8,none,none,none,none
minor,none,none,none,none
4,none,none,none,none
9,none,none,none,none
minor,none,none,none,none
minor,none,none,none,none
13,none,none,none,none
3,none,none,none,none
19,none,none,none,none
minor,none,none,none,none
4,none,none,none,none
2,none,none,none,none
minor,none,none,none,none
minor,none,none,none,none
5,none,none,none,none
3,none,none,none,none
minor,none,none,none,none
4,none,none,none,none
17,none,none,none,none
minor,none,none,none,none
8,none,none,none,none
4,none,none,none,none
16,none,none,none,none
12,none,none,none,none
minor,none,none,none,none
minor,none,none,none,none
minor,none,none,none,none
12,none,none,none,none
minor,none,none,none,none
12,none,none,none,none
minor,none,none,none,none
minor,none,none,none,none
minor,none,none,none,none
minor,none,none,none,none
minor,none,none,none,none
13,none,none,none,none
7,none,none,none,none
minor,none,none,none,none
12,none,none,none,none
11,none,none,none,none
6,none,none,none,none
minor,none,none,none,none
18,none,none,none,none
minor,none,none,none,none
minor,none,none,none,none
5,none,none,none,none
3,none,none,none,none
5,none,none,none,none
1,none,none,none,none
10,none,none,none,none
15,none,none,none,none
minor,none,none,none,none
minor,none,none,none,none
minor,none,none,none,none
minor,none,none,none,none
17,none,none,none,none
minor,none,none,none,none
17,none,none,none,none
minor,none,none,none,none
4,none,none,none,none
2,none,none,none,none
11,none,none,none,none
7,none,none,none,none
minor,none,none,none,none
minor,none,none,none,none
minor,none,none,none,none
6,none,none,none,none
minor,none,none,none,none
16,none,none,none,none
minor,none,none,none,none
7,none,none,none,none
minor,none,none,none,none
1,none,none,none,none
minor,none,none,none,none
minor,none,none,none,none
21,none,none,none,none
minor,none,none,none,none
4,none,none,none,none
6,none,none,none,none
minor,none,none,none,none
17,none,none,none,none
minor,none,none,none,none
minor,none,none,none,none
2,none,none,none,none
14,none,none,none,none
4,none,none,none,none
14,none,none,none,none
minor,none,none,none,none
minor,none,none,none,none
8,none,none,none,none
minor,none,none,none,none
1,none,none,none,none
minor,none,none,none,none
6,none,none,none,none
15,none,none,none,none
17,none,none,none,none
20,none,none,none,none
20,none,none,none,none
21,none,none,none,none
3,none,none,none,none
11,none,none,none,none
minor,none,none,none,none
minor,none,none,none,none
9,none,none,none,none
18,none,none,none,none
minor,none,none,none,none
3,none,none,none,none
minor,none,none,none,none
minor,none,none,none,none
minor,none,none,none,none
minor,none,none,none,none
6,none,none,none,none
8,none,none,none,none
12,none,none,none,none
2,none,none,none,none
minor,none,none,none,none
minor,none,none,none,none
20,none,none,none,none
17,none,none,none,none
9,none,none,none,none
10,none,none,none,none
13,none,none,none,none
2,none,none,none,none
10,none,none,none,none
minor,none,none,none,none
11,none,none,none,none
17,none,none,none,none
minor,none,none,none,none
minor,none,none,none,none
1,none,none,none,none
minor,none,none,none,none
11,none,none,none,none
minor,none,none,none,none
4,none,none,none,none
minor,none,none,none,none
7,none,none,none,none
1,none,none,none,none
minor,none,none,none,none
minor,none,none,none,none
1,none,none,none,none
minor,none,none,none,none
14,none,none,none,none
6,none,none,none,none
19,none,none,none,none
19,none,none,none,none
2,none,none,none,none
1,none,none,none,none
minor,none,none,none,none
17,none,none,none,none
18,none,none,none,none
6,none,none,none,none
minor,none,none,none,none
15,none,none,none,none
14,none,none,none,none
1,none,none,none,none
3,none,none,none,none
minor,none,none,none,none
1,none,none,none,none
minor,none,none,none,none
1,none,none,none,none
14,none,none,none,none
minor,none,none,none,none
18,none,none,none,none
minor,none,none,none,none
21,none,none,none,none
14,none,none,none,none
7,none,none,none,none
minor,none,none,none,none
minor,none,none,none,none
minor,none,none,none,none
minor,none,none,none,none
2,none,none,none,none
minor,none,none,none,none
minor,none,none,none,none
minor,none,none,none,none
6,none,none,none,none
minor,none,none,none,none
13,none,none,none,none
minor,none,none,none,none
9,none,none,none,none
16,none,none,none,none
minor,none,none,none,none
minor,none,none,none,none
minor,none,none,none,none
minor,none,none,none,none
11,none,none,none,none
minor,none,none,none,none
3,none,none,none,none
1,none,none,none,none
minor,none,none,none,none
17,none,none,none,none
12,none,none,none,none
5,none,none,none,none
17,none,none,none,none
11,none,none,none,none
2,none,none,none,none
minor,none,none,none,none
minor,none,none,none,none
minor,none,none,none,none
21,none,none,none,none
4,none,none,none,none
minor,none,none,none,none
3,none,none,none,none
minor,none,none,none,none
minor,none,none,none,none
14,none,none,none,none
minor,none,none,none,none
minor,none,none,none,none
minor,none,none,none,none
6,none,none,none,none
7,none,none,none,none
2,none,none,none,none
minor,none,none,none,none
4,none,none,none,none
14,none,none,none,none
7,none,none,none,none
2,none,none,none,none
6,none,none,none,none
1,none,none,none,none
minor,none,none,none,none
minor,none,none,none,none
11,none,none,none,none
1,none,none,none,none
minor,none,none,none,none
minor,none,none,none,none
minor,none,none,none,none
12,none,none,none,none
minor,none,none,none,none
minor,none,none,none,none
15,none,none,none,none
minor,none,none,none,none
7,none,none,none,none
minor,none,none,none,none
7,none,none,none,none
3,none,none,none,none
minor,none,none,none,none
minor,none,none,none,none
minor,none,none,none,none
15,none,none,none,none
3,none,none,none,none
minor,none,none,none,none
4,none,none,none,none
16,none,none,none,none
minor,none,none,none,none
minor,none,none,none,none
17,none,none,none,none
4,none,none,none,none
minor,none,none,none,none
minor,none,none,none,none
minor,none,none,none,none
1,none,none,none,none
5,none,none,none,none
5,none,none,none,none
13,none,none,none,none
13,none,none,none,none
1,none,none,none,none
8,none,none,none,none
minor,none,none,none,none
minor,none,none,none,none
minor,none,none,none,none
14,none,none,none,none
1,none,none,none,none
minor,none,none,none,none
minor,none,none,none,none
minor,none,none,none,none
9,none,none,none,none
16,none,none,none,none
minor,none,none,none,none
minor,none,none,none,none
minor,none,none,none,none
12,none,none,none,none
9,none,none,none,none
22,23,24,25,minor
22,23,24,minor,minor
22,23,minor,minor,minor
22,minor,minor,minor,minor
22,23,24,25,26
22,23,24,25,26
22,23,24,25,26
22,23,24,25,26
22,23,24,25,26
22,23,24,25,26
22,23,24,25,26
22,23,24,25,26
22,23,24,25,26
22,23,24,25,26
22,23,24,25,26
22,23,24,25,26
22,23,24,25,26
22,23,24,25,26
22,23,24,25,26
22,23,24,25,26
22,23,24,25,26
22,23,24,25,26
22,23,24,25,26
22,23,24,25,26
22,23,24,25,26
22,23,24,25,26
22,23,24,25,26
22,23,24,25,26
22,23,24,25,26
22,23,24,25,26
22,23,24,25,26
22,23,24,25,26
22,23,24,25,26
22,23,24,25,26
22,23,24,25,26
22,23,24,25,26
22,23,24,25,26
22,23,24,25,26
22,23,24,25,26
22,23,24,25,26
22,23,24,25,26
22,23,24,25,26
22,23,24,25,26
22,23,24,25,26
22,23,24,25,26
22,23,24,25,26
22,23,24,25,26
22,23,24,25,26
22,23,24,25,26
22,23,24,25,26
22,23,24,25,26
22,23,24,25,26
22,23,24,25,26
22,23,24,25,26
22,23,24,25,26
22,23,24,25,26
22,23,24,25,26
22,23,24,25,26
22,23,24,25,26
22,23,24,25,26
22,23,24,25,26
22,23,24,25,26
22,23,24,25,26
22,23,24,25,26
22,23,24,25,26
22,23,24,25,26
22,23,24,25,26
22,23,24,25,26
22,23,24,25,26
22,23,24,25,26
22,23,24,25,26
22,23,24,25,26
22,23,24,25,26
22,23,24,25,26
22,23,24,25,26
22,23,24,25,26
22,23,24,25,26
22,23,24,25,26
22,23,24,25,26
22,23,24,25,26
22,23,24,25,26
22,23,24,25,26
22,23,24,25,26
22,23,24,25,26
22,23,24,25,26
22,23,24,25,26
22,23,24,25,26
22,23,24,25,26
22,23,24,25,26
22,23,24,25,26
22,23,24,25,26
22,23,24,25,26
22,23,24,25,26
22,23,24,25,26
22,23,24,25,26
22,23,24,25,26
22,23,24,25,26
22,23,24,25,26
22,23,24,25,26
22,23,24,25,26
22,23,24,25,26
22,23,24,25,26
22,23,24,25,26
22,23,24,25,26
22,23,24,25,26
22,23,24,25,26
22,23,24,25,26
22,23,24,25,26
22,23,24,25,26
22,23,24,25,26
22,23,24,25,26
22,23,24,25,26
22,23,24,25,26
22,23,24,25,26
22,23,24,25,26
22,23,24,25,26
22,23,24,25,26
22,23,24,25,26
22,23,24,25,26
22,23,24,25,26
22,23,24,25,26
22,23,24,25,26
22,23,24,25,26
22,23,24,25,26
22,23,24,25,26
22,23,24,25,26
22,23,24,25,26
22,23,24,25,26
22,23,24,25,26
22,23,24,25,26
22,23,24,25,26
22,23,24,25,26
22,23,24,25,26
22,23,24,25,26
22,23,24,25,26
22,23,24,25,26
22,23,24,25,26
22,23,24,25,26
22,23,24,25,26
22,23,24,25,26
22,23,24,25,26
22,23,24,25,26
22,23,24,25,26
22,23,24,25,26
22,23,24,25,26
22,23,24,25,26
22,23,24,25,26
22,23,24,25,26
22,23,24,25,26
22,23,24,25,26
22,23,24,25,26
22,23,24,25,26
22,23,24,25,26
22,23,24,25,26
22,23,24,25,26
22,23,24,25,26
22,23,24,25,26
22,23,24,25,26
22,23,24,25,26
22,23,24,25,26
22,23,24,25,26
22,23,24,25,26
22,23,24,25,26
22,23,24,25,26
22,23,24,25,26
22,23,24,25,26
22,23,24,25,26
22,23,24,25,26
22,23,24,25,26
22,23,24,25,26
22,23,24,25,26
22,23,24,25,26
22,23,24,25,26
22,23,24,25,26
22,23,24,25,26
22,23,24,25,26
22,23,24,25,26
22,23,24,25,26
22,23,24,25,26
22,23,24,25,26
22,23,24,25,26
22,23,24,25,26
22,23,24,25,26
22,23,24,25,26
22,23,24,25,26
22,23,24,25,26
22,23,24,25,26
22,23,24,25,26
22,23,24,25,26
22,23,24,25,26
22,23,24,25,26
22,23,24,25,26
22,23,24,25,26
22,23,24,25,26
22,23,24,25,26
22,23,24,25,26
22,23,24,25,26
22,23,24,25,26
22,23,24,25,26
22,23,24,25,26
