robots of dawn,tea with the black dragon,across the sea of suns,spellsinger at the gate,wizards eleven
startide rising,millennium ,across the sea of suns,spellsinger at the gate,wizards eleven
moreta: dragonlady of pern,robots of dawn,across the sea of suns,spellsinger at the gate,wizards eleven
moreta: dragonlady of pern,alien upstairs,across the sea of suns,spellsinger at the gate,wizards eleven
chekov's journey,alien upstairs,across the sea of suns,moreta: dragonlady of pern,startide rising
robots of dawn,tea with the black dragon,across the sea of suns,spellsinger at the gate,wizards eleven
startide rising,millennium ,across the sea of suns,spellsinger at the gate,wizards eleven
moreta: dragonlady of pern,robots of dawn,across the sea of suns,spellsinger at the gate,wizards eleven
moreta: dragonlady of pern,alien upstairs,across the sea of suns,spellsinger at the gate,wizards eleven
chekov's journey,alien upstairs,across the sea of suns,moreta: dragonlady of pern,startide rising
robots of dawn,tea with the black dragon,across the sea of suns,spellsinger at the gate,wizards eleven
startide rising,millennium ,across the sea of suns,spellsinger at the gate,wizards eleven
chekov's journey,alien upstairs,across the sea of suns,spellsinger at the gate,wizards eleven
chekov's journey,alien upstairs,across the sea of suns,spellsinger at the gate,wizards eleven
chekov's journey,alien upstairs,across the sea of suns,spellsinger at the gate,wizards eleven
chekov's journey,alien upstairs,across the sea of suns,spellsinger at the gate,wizards eleven
chekov's journey,alien upstairs,across the sea of suns,spellsinger at the gate,wizards eleven
chekov's journey,alien upstairs,across the sea of suns,spellsinger at the gate,wizards eleven
chekov's journey,alien upstairs,across the sea of suns,spellsinger at the gate,wizards eleven
chekov's journey,alien upstairs,across the sea of suns,spellsinger at the gate,wizards eleven
chekov's journey,alien upstairs,across the sea of suns,spellsinger at the gate,wizards eleven
chekov's journey,alien upstairs,across the sea of suns,spellsinger at the gate,wizards eleven
chekov's journey,alien upstairs,across the sea of suns,spellsinger at the gate,wizards eleven
chekov's journey,alien upstairs,across the sea of suns,spellsinger at the gate,wizards eleven
chekov's journey,alien upstairs,across the sea of suns,spellsinger at the gate,wizards eleven
chekov's journey,alien upstairs,across the sea of suns,spellsinger at the gate,wizards eleven
chekov's journey,alien upstairs,across the sea of suns,spellsinger at the gate,wizards eleven
chekov's journey,alien upstairs,across the sea of suns,spellsinger at the gate,wizards eleven
chekov's journey,alien upstairs,across the sea of suns,spellsinger at the gate,wizards eleven
chekov's journey,alien upstairs,across the sea of suns,spellsinger at the gate,wizards eleven
chekov's journey,alien upstairs,across the sea of suns,spellsinger at the gate,wizards eleven
chekov's journey,alien upstairs,across the sea of suns,spellsinger at the gate,wizards eleven
chekov's journey,alien upstairs,across the sea of suns,spellsinger at the gate,wizards eleven
chekov's journey,alien upstairs,across the sea of suns,spellsinger at the gate,wizards eleven
chekov's journey,alien upstairs,across the sea of suns,spellsinger at the gate,wizards eleven
chekov's journey,alien upstairs,across the sea of suns,spellsinger at the gate,wizards eleven
chekov's journey,alien upstairs,across the sea of suns,spellsinger at the gate,wizards eleven
chekov's journey,alien upstairs,across the sea of suns,spellsinger at the gate,wizards eleven
chekov's journey,alien upstairs,across the sea of suns,spellsinger at the gate,wizards eleven
chekov's journey,alien upstairs,across the sea of suns,spellsinger at the gate,wizards eleven
chekov's journey,alien upstairs,across the sea of suns,spellsinger at the gate,wizards eleven
chekov's journey,alien upstairs,across the sea of suns,spellsinger at the gate,wizards eleven
chekov's journey,alien upstairs,across the sea of suns,spellsinger at the gate,wizards eleven
chekov's journey,alien upstairs,across the sea of suns,spellsinger at the gate,wizards eleven
chekov's journey,alien upstairs,across the sea of suns,spellsinger at the gate,wizards eleven
chekov's journey,alien upstairs,across the sea of suns,spellsinger at the gate,wizards eleven
chekov's journey,alien upstairs,across the sea of suns,spellsinger at the gate,wizards eleven
chekov's journey,alien upstairs,across the sea of suns,spellsinger at the gate,wizards eleven
chekov's journey,alien upstairs,across the sea of suns,spellsinger at the gate,wizards eleven
chekov's journey,alien upstairs,across the sea of suns,spellsinger at the gate,wizards eleven
golden witchbreed  the,,,,
lammas night,robots of dawn  the,worthing chronicle  the,,
superluminal,code of the lifemaker,moreta: dragonlady of pern,valentine pontifex,white gold wielder
startide rising,robots of dawn  the,tea with the black dragon,orion shall rise,citadel of the autarch  the
anackire,blue sword  the,winter's tale,,
citadel of the autarch  the,crucible of time  the,valentine pontifex,matter for men  a,helliconia summer
millennium,lyonesse,cugel's saga,neverending story  the,superluminal
citadel of the autarch  the,orion shall rise,startide rising,helliconia summer,welcome chaos
millennium,lyonesse,cugel's saga,neverending story  the,superluminal
startide rising,dragon waiting  the,orion shall rise,anubis gates  the,matter for men  a
startide rising,tea with the black dragon,dragon waiting  the,orion shall rise,anubis gates  the
against infinity,robots of dawn  the,superluminal,midas world,
startide rising,broken symmetries,void captain's tale  the,millennium,welcome chaos
40 000 in gehenna,mindkiller,,,
tapestry of magics  a,tea with the black dragon,,,
startide rising,crucible of time  the,code of the lifemaker,robots of dawn  the,dragon on a pedestal
christine,armageddon rag  the,sung in shadow,pet sematary,
robots of dawn  the,startide rising,citadel of the autarch  the,orion shall rise,
rainbow cadenza  the,jonuta rising,nagasaki vector  the,time of the dark,
mindkiller,dreamstone  the,neverending story  the,,
armageddon rag  the,startide rising,broken symmetries,welcome chaos,birth of the people's republic of antartica  th
startide rising,orion shall rise,robots of dawn  the,tea with the black dragon,lyonesse
nonborn king  the,millennium,40 000 in gehenna,tea with the black dragon,cugel's saga
startide rising,void captain's tale  the,,,
annals of klepsis,welcome chaos,void captain's tale  the,armageddon rag  the,
armies of daylight  the,startide rising,prince ombra,tea with the black dragon,christine
startide rising,,,,
set of wheels,tik-tok,startide rising,armageddon rag  the,birth of the people's republic of antartica  th
startide rising,hart's hope,telempath,streetlethal,lyonesse
winter's tale,citadel of the autarch  the,,,
friday,bio of a space tyrant,,,
tea with the black dragon,,,,
startide rising,mists of avalon  the,,,
man who used the universe  the,,,,
moreta: dragonlady of pern,thendara house,millennium,,
streetlethal,robots of dawn  the,,,
ratha's creature,,,,
startide rising,anubis gates  the,broken symmetries,millennium,neveryona
christine,pet sematary,neverending story  the,floating dragon,robots of dawn  the
startide rising,mists of avalon  the,millennium,,
void captain's tale  the,millennium,helliconia summer,silent gondoliers  the,
against infinity,helliconia summer,startide rising,superluminal,citadel of the autarch  the
nonborn king  the,neveryona,best rootin' tootin' shootin' gunslinger  the,damiano,worlds apart
startide rising,millennium,anubis gates  the,welcome chaos,
robots of dawn  the,gods of riverworld  the,,,
millennium,anubis gates  the,blackcollar  the,startide rising,tea with the black dragon
startide rising,40 000 in gehenna,worthing chronicle  the,tapestry warriors  the,
code of the lifemaker,superluminal,mists of avalon  the,millennium,channel's destiny
welcome chaos,sword of winter  the,robots of dawn  the,startide rising,millennium
sword of winter  the,tea with the black dragon,startide rising,ghost hunt,
fevre dream,,,,
valentine pontifex,orion shall rise,,,
millennium,pet sematary,worlds apart,gods of riverworld  the,
hart's hope,void captain's tale  the,armageddon rag  the,,
startide rising,tomorrow testament  the,,,
orion shall rise,citadel of the autarch  the,,,
lammas night,mists of avalon  the,moreta: dragonlady of pern,matter for men  a,ratha's creature
anubis gates  the,citadel of the autarch  the,millennium,sex sphere  the,void captain's tale  the
gods of riverworld  the,valentine pontifex,phantoms,unforsaken hiero  the,tea with the black dragon
worlds apart,spellsinger at the gate,crucible of time  the,,
broken symmetries,against infinity,startide rising,,
satan: his psychotherapy & cure,long voyage back,christine,,
worlds apart,,,,
worlds apart,,,,
helliconia summer,chekov's journey,against infinity,crucible of time  the,millennium
void captain's tale  the,mists of avalon  the,startide rising,helliconia summer,lyonesse
sword of winter  the,dragon waiting  the,startide rising,golden witchbreed  the,orion shall rise
matter for men  a,,,,
citadel of the autarch  the,mcandrew chronicles  the,wall around a star,millennium,armageddon rag  the
startide rising,journey,,,
robots of dawn  the,,,,
superluminal,damiano,lyonesse,dreamstone  the,startide rising
tea with the black dragon,,,,
moreta: dragonlady of pern,,,,
nifft the lean,,,,
birth of the people's republic of antartica  th,,,,
rainbow cadenza  the,nagasaki vector  the,jonuta rising,dragon on a pedestal,lando calrissian and the mindharp of sharu
mists of avalon  the,bronze of eddarta  the,yesterday's son,web of the romulans,well of darkness  the
robots of dawn  the,nonborn king  the,startide rising,helliconia summer,crucible of time  the
void captain's tale  the,startide rising,crucible of time  the,millennium,neveryona
startide rising,40 000 in gehenna,worlds apart,worthing chronicle  the,tales of the galactic midway
frontier of the dark,subspace encounter,well of darkness  the,,
lammas night,anvil of the heart,,,
tea with the black dragon,lammas night,anvil of the heart,guardians  the,sleeping dragon  the
anvil of the heart,lammas night,guardians  the,yesterday's son,tea with the black dragon
anvil of the heart,lammas night,guardians  the,yesterday's son,tea with the black dragon
void captain's tale  the,pet sematary,annals of klepsis,steps of the sun,unteleported man  the
orion shall rise,millennium,,,
mists of avalon  the,robots of dawn  the,nonborn king  the,,
startide rising,orion shall rist,thendara house,superluminal,tea with the black dragon
citadel of the autarch  the,cugel's saga,armageddon rag  the,,
code of the lifemaker,anubis gates  the,startide rising,man who used the universe  the,life probe
integral trees,moreta: dragonlady of pern,,,
worlds apart,,,,
millennium,helliconia summer,mists of avalon  the,startide rising,against infinity
moreta: dragonlady of pern,code of the lifemaker,startide rising,robots of dawn  the,valentine pontifex
startide rising,superluminal,tomorrow testament  the,anackire,
orion shall rise,startide rising,robots of dawn  the,dragon waiting  the,
40 000 in gehenna,thendara house,tree of swords and jewels  the,yesterday's son,white plague  the
startide rising,orion shall rise,void captain's tale  the,lyonesse,
void captain's tale  the,wounded sky  the,millennium,startide rising,armageddon rag  the
40 000 in gehenna,startide rising,tea with the black dragon,millennium,
moreta: dragonlady of pern,thendara house,40 000 in gehenna,,
moreta: dragonlady of pern,jhereg,blackcollar  the,nonborn king  the,anubis gates  the
robots of dawn  the,moreta: dragonlady of pern,valentine pontifex,life  the universe and everything,mists of avalon  the
orion shall rise,startide rising,worlds apart,lyonesse,citadel of the autarch  the
floating dragon,alien upstairs  the,lyonesse,orion shall rise,helliconia summer
startide rising,worlds apart,darkchild,telempath,
startide rising,worlds apart,darkchild,telempath,thendara house
superluminal,moreta: dragonlady of pern,mists of avalon  the,orion shall rise,crucible of time  the
wild alien tamer  the,three-legged hootch dancer  the,best rootin' tootin' shootin' gunslinger  the,,
best rootin' tootin' shootin' gunslinger  the,void captain's tale  the,wild alien tamer  the,,
best rootin' tootin' shootin' gunslinger  the,wild alien tamer  the,void captain's tale  the,three-legged hootch dancer  the,
mists of avalon  the,white gold wielder,damiano,floating dragon,golden witchbreed  the
armageddon rag  the,thendara house,startide rising,millennium,
startide rising,valentine pontifex,robots of dawn  the,millennium,
superluminal,moreta: dragonlady of pern,40 000 in gehenna,thendara house,
startide rising,tea with the black dragon,void captain's tale  the,orion shall rise,robots of dawn  the
white gold wielder,magician's gambit,tree of swords and jewels  the,'ware hawk,tea with the black dragon
citadel of the autarch  the,helliconia summer,armageddon rag  the,tea with the black dragon,worlds apart
citadel of the autarch  the,helliconia summer,sword of winter  the,tea with the black dragon,armageddon rag  the
robots of dawn  the,orion shall rise,code of the lifemaker,blackcollar  the,prelude to chaos
startide rising,orion shall rise,matter for men  a,millennium,tea with the black dragon
anubis gates  the,armageddon rag  the,broken symmetries,startide rising,fire in the abyss
void captain's tale  the,armageddon rag  the,millennium,robots of dawn  the,worlds apart
armageddon rag  the,neveryona,40 000 in gehenna,tree of swords and jewels  the,golden swan  the
robots of dawn  the,fevre dream,valentine pontifex,mists of avalon  the,orion shall rise
startide rising,pulling through,,,
mists of avalon  the,moreta: dragonlady of pern,thendara house,helliconia summer,orion shall rise
helliconia summer,navigators syndrome,neveryona,void captain's tale  the,citadel of the autarch  the
superluminal,worlds apart,millennium,against infinity,welcome chaos
white plague  the,thendara house,40 000 in gehenna,tree of swords and jewels  the,yesterday's son
transformer,long voyage back,pet sematary,citadel of the autarch  the,
robots of dawn  the,aquiliad  the,,,
name of the rose  the,millennium,en souvenir du futur,roderick at random,broken symmetries
annals of klepsis,nonborn king  the,pet sematary,dragon waiting  the,escape velocity
tea with the black dragon,void captain's tale  the,wall around a star,,
helliconia summer,superluminal,thendara house,welcome chaos,void captain's tale  the
manna,startide rising,life probe,blackcollar  the,code of the lifemaker
mists of avalon  the,valentine pontifex,,,
white gold wielder,oath of the renunciates,valentine pontifex,,
tea with the black dragon,,,,
startide rising,sword of winter  the,tea with the black dragon,orion shall rise,matter for men  a
white gold wielder,christine,on a pale horse,escape velocity,foundation's edge
tea with the black dragon,orion shall rise,dragon on a pedestal,worlds apart,streetlethal
tea with the black dragon,startide rising,orion shall rise,dragon on a pedestal,worlds apart
startide rising,superluminal,code of the lifemaker,nonborn king  the,orion shall rise
hart's hope,worthing chronicle  the,startide rising,,
moreta: dragonlady of pern,white gold wielder,,,
against infinity,startide rising,crucible of time  the,dreamstone  the,tree of swords and jewels  the
startide rising,,,,
thendara house,code of the lifemaker,,,
orion shall rise,robots of dawn  the,moreta: dragonlady of pern,void captain's tale  the,against infinity
startide rising,sword of winter  the,millennium,necromancer nine,manna
frost,startide rising,worlds apart,mists of avalon  the,golden swan  the
frost,startide rising,worlds apart,hart's hope,golden swan  the
against infinity,startide rising,anubis gates  the,,
robots of dawn  the,so you want to be a wizard,valentine pontifex,rocheworld,dragon waiting  the
robots of dawn  the,so you want to be a wizard?,dragon waiting  the,rocheworld,valentine pontifex
so you want to be a wizard,rocheworld,valentine pontifex,robots of dawn  the,dragon waiting  the
mists of avalon  the,helliconia summer,valentine pontifex,nonborn king  the,40 000 in gehenna
millennium,worlds apart,armageddon rag  the,tea with the black dragon,
worlds apart,citadel of the autarch  the,,,
code of the lifemaker,robots of dawn  the,matter for men  a,worlds apart,
armageddon rag  the,startide rising,helliconia summer,citadel of the autarch  the,against infinity
matter for men  a,,,,
matter for men  a,,,,
mists of avalon  the,tomorrow testament  the,armies of daylight  the,harpy's flight,thendara house
tomorrow testament  the,harpy's flight,jhereg,walls of air  the,
robots of dawn  the,christine,,,
millennium,orion shall rise,moreta: dragonlady of pern,crucible of time  the,lyonesse
citadel of the autarch  the,superluminal,nonborn king  the,helliconia summer,millennium
citadel of the autarch  the,superluminal,nonborn king  the,helliconia summer,millennium
code of the lifemaker,streetlethal,single combat,worthing chronicle  the,thendara house
startide rising,40 000 in gehenna,tree of swords and jewels  the,,
crucible of time  the,robots of dawn  the,startide rising,,
against infinity,citadel of the autarch  the,thendara house,welcome chaos,startide rising
white gold wielder,40 000 in gehenna,thendara house,,
cugel's saga,burning mountain  the,orion shall rise,century of progress  a,
robots of dawn  the,mists of avalon  the,startide rising,void captain's tale  the,citadel of the autarch  the
sky ripper,bronwyn's bane,orion shall rise,,
anubis gates  the,startide rising,throne of madness  the,damiano,
helliconia summer,superluminal,thendara house,welcome chaos,birth of the people's republic of antartica  th
snarkout boys and the avocado of death  the,tik-tok,ielfstan's place,queen's gambit  the,birth of the people's republic of antartica  th
crucible of time  the,helliconia summer,startide rising,tik-tok,armageddon rag  the
dreamstone  the,tree of swords and jewels  the,,,
snarkout boys and the avocado of death  the,superluminal,moreta: dragonlady of pern,,
startide rising,code of the lifemaker,orion shall rise,citadel of the autarch  the,against infinity
orion shall rise,startide rising,code of the lifemaker,millennium,against infinity
citadel of the autarch  the,,,,
christine,crucible of time  the,moreta: dragonlady of pern,void captain's tale  the,ancient evenings
citadel of the autarch  the,helliconia summer,void captain's tale  the,robots of dawn  the,three-legged hootch dancer  the
startide rising,dragon on a pedestal,wall around a star,spellsinger,man who used the universe  the
against infinity,sword of winter  the,birth of the people's republic of antartica  th,,
anubis gates  the,citadel of the autarch  the,on a pale horse: book one of the incarnations,tea with the black dragon,nonborn king  the
matter for men  a,,,,
starrigger,,,,
against infinity,worlds apart,startide rising,end of the world news  the,crucible of time  the
code of the lifemaker,tea with the black dragon,,,
on a pale horse,tea with the black dragon,king's blood four,unforsaken hiero  the,dragon on a pedestal
helliconia summer,mists of avalon  the,roderick at random,damiano,void captain's tale  the
moreta: dragonlady of pern,2010 - odyssey two,spellsinger,dragons of darkness,knightrider
startide rising,moreta: dragonlady of pern,against infinity,pet sematary,anubis gates  the
arafel's saga    (book club ed. of dreamstone,oath of the renunciates,,,
robots of dawn  the,life  the universe and everything,return of the jedi,,
startide rising,worlds apart,superluminal,mists of avalon  the,dreamstone  the
tea with the black dragon,,,,
robots of dawn  the,millennium,,,
crucible of time  the,navigators syndrome,matter for men  a,startide rising,
helliconia summer,superluminal,millennium,welcome chaos,startide rising
helliconia summer,startide rising,superluminal,millennium,welcome chaos
against infinity,,,,
helliconia summer,against infinity,worlds apart,void captain's tale  the,citadel of the autarch  the
unicorn creed  the,magician's gambit,jhereg,moreta: dragonlady of pern,thendara house
nonborn king  the,robots of dawn  the,moreta: dragonlady of pern,startide rising,damiano
moreta: dragonlady of pern,white gold wielder,robots of dawn  the,earthsong,
armageddon rag  the,lammas night,thendara house,,
ariel: the book of the change,anubis gates  the,starrigger,wounded sky  the,worthing chronicle  the
anubis gates  the,tea with the black dragon,moreta: dragonlady of pern,on a pale horse,robots of dawn  the
helliconia summer,crucible of time  the,robots of dawn  the,startide rising,gods of riverworld  the
damiano,citadel of the autarch  the,,,
armageddon rag  the,tea with the black dragon,anubis gates  the,,
orion shall rise,against infinity,sword of winter  the,startide rising,magician's gambit
magician's gambit,startide rising,superluminal,against infinity,40 000 in gehenna
dragon waiting  the,,,,
celestial steam locomotive  the,helliconia summer,citadel of the autarch  the,,
startide rising,orion shall rise,broken symmetries,against infinity,crucible of time he
void captain's tale  the,against infinity,ancient evenings,,
robots of dawn  the,,,,
armies of daylight  the,walls of air  the,dreamstone  the,tree of swords and jewels  the,thendara house
dreamstone  the,thendara house,armies of daylight  the,tree of swords and jewels  the,mists of avalon  the
startide rising,dreamstone  the,eye of cat,dragon waiting  the,lyonesse
prince ombra,startide rising,moreta: dragonlady of pern,,
moreta: dragonlady of pern,anubis gates  the,,,
against infinity,code of the lifemaker,on a pale horse,neverending story  the,superluminal
robots of dawn  the,white gold wielder,nonborn king  the,light on the sound,mists of avalon  the
helliconia summer,startide rising,,,
wounded sky  the,throne of madness  the,sundiver,pride of chanur,
tea with the black dragon,anubis gates  the,damiano,,
startide rising,superluminal,thendara house,moreta: dragonlady of pern,neverending story  the
robots of dawn  the,prince ombra,millennium,,
startide rising,dragon rises  the,armageddon rag  the,mists of avalon  the,
mists of avalon  the,moreta: dragonlady of pern,robots of dawn  the,thendara house,
moreta: dragonlady of pern,millennium,40 000 in gehanna,matter for men  a,superluminal
rumor of angels  a,startide rising,menace under marswood,little fear  a,
startide rising,thendara house,millennium,valentine pontifex,robots of dawn  the
robots of dawn  the,manna,,,
winter's tale,disappearing dwarf  the,,,
winter's tale,disappearing dwarf  the,black stallion legend  the,,
sword of winter  the,armageddon rag  the,nonborn king  the,dragon waiting  the,celestial steam locomotive  the
ariel: the book of the change,wizards eleven,moreta: dragonlady of pern,unbeheaded king  the,escape velocity
matter for men  a,moreta: dragonlady of pern,streetlethal,,
startide rising,tea with the black dragon,dragon rises  the,godspell,
escape velocity,startide rising,blackcollar  the,,
void captain's tale  the,wounded sky  the,,,
moreta: dragonlady of pern,thendara house,web of light,new untouchables  the,
startide rising,robots of dawn  the,citadel of the autarch  the,,
tea with the black dragon,nonborn king  the,against infinity,citadel of the autarch  the,anubis gates  the
mists of avalon  the,first book of swords  the,tree of swords and jewels  the,dragon on a pedestal,bronwyn's bane
mists of avalon  the,first book of swords  the,tree of swords and jewels  the,,
startide rising,on a pale horse,,,
moreta: dragonlady of pern,,,,
startide rising,void captain's tale  the,superluminal,welcome chaos,
dragon on a pedestal,code of the lifemaker,medusa,dead zone  the,
against infinity,anubis gates  the,,,
anubis gates  the,,,,
starburst,matter for men  a,shadow of the ship,wall around a star,pet sematary
starburst,matter for men  a,shadow of the ship,wall around a star,pet sematary
mists of avalon  the,moreta: dragonlady of pern,harpy's flight,,
anubis gates  the,,,,
helliconia summer,annals of klepsis,end of the empire,silent gondoliers  the,citadel of the autarch  the
tea with the black dragon,mists of avalon  the,helliconia summer,damiano,moreta: dragonlady of pern
startide rising,damiano,,,
nonborn king  the,robots of dawn  the,gods of riverworld  the,anackire,white gold wielder
nonborn king  the,robots of dawn  the,gods of riverworld  the,anackire,white gold wielder
tea with the black dragon,,,,
tea with the black dragon,,,,
superluminal,against infinity,40 000 in gehenna,winds of altair  the,eye of the queen
thendara house,tree of swords and jewels  the,startide rising,sword of winter  the,daughter of witches
armies of daylight  the,anubis gates  the,startide rising,tea with the black dragon,lady of darkness
startide rising,void captain's tale  the,orion shall rise,against infinity,citadel of the autarch  the
robots of dawn  the,code of the lifemaker,,,
bronze of eddarta  the,thendara house,mcandrew chronicles  the,dragon on a pedestal,for love of mother-not
orion shall rise,robots of dawn  the,startide rising,life probe,
tea with the black dragon,robots of dawn  the,foundation's edge,,
startide rising,welcome chaos,superluminal,millennium,tea with the black dragon
riverworld,hitchhiker's guide to the galaxy,dune,battlefield earth,stainless steel rat
thendara house,,,,
orion shall rise,gods of riverworld  the,robots of dawn  the,crucible of time  the,millennium
superluminal,welcome chaos,millennium,worlds apart,startide rising
superluminal,crucible of time  the,,,
tea with the black dragon,nonborn king  the,citadel of the autarch  the,damiano,
mists of avalon  the,robots of dawn  the,arafel's saga    and tree of swords & jewels?),friday,hart's hope
winter's tale,millennium,streetlethal,,
nonborn king  the,,,,
against infinity,startide rising,nonborn king  the,throne of madness  the,mindkiller
mists of avalon  the,,,,
startide rising,citadel of the autarch  the,lyonesse,tea with the black dragon,anubis gates  the
superluminal,moreta: dragonlady of pern,citadel of the autarch  the,white gold wielder,robots of dawn  the
crucible of time  the,startide rising,,,
startide rising,,,,
mists of avalon  the,startide rising,,,
citadel of the autarch  the,startide rising,nonborn king  the,magician's gambit,hart's hope
valentine pontifex,robots of dawn  the,worlds apart,sword of winter  the,white gold wielder
code of the lifemaker,dreamstone  the,moreta: dragonlady of pern,,
orion shall rise,startide rising,tea with the black dragon,armageddon rag  the,worlds apart
helliconia summer,void captain's tale  the,anubis gates  the,armageddon rag  the,crucible of time  the
startide rising,orion shall rise,broken symmetries,against infinity,crucible of time  the
moreta: dragonlady of pern,tapestry of magics  a,,,
citadel of the autarch  the,helliconia summer,broken symmetries,worlds apart,
void captain's tale  the,startide rising,welcome chaos,fire of the gabriel ratchets  the,tea with the black dragon
streetlethal,dragon on a pedestal,white gold wielder,prince ombra,wounded sky  the
streetlethal,dragon on a pedestal,white gold wielder,wounded sky  the,return of the jedi
helliconia summer,tea with the black dragon,,,
mists of avalon  the,valentine pontifex,robots of dawn  the,dragon on a pedestal,
welcome chaos,robots of dawn  the,mists of avalon  the,against infinity,bluesong
startide rising,crucible of time  the,worlds apart,single combat,millennium
rocheworld,manna,friday,2010 - odyssey two,foundation's edge
fire in the abyss,anubis gates  the,millennium,robots of dawn  the,single combat
robots of dawn  the,helliconia summer,,,
mists of avalon  the,orion shall rise,,,
streetlethal,escape velocity,golden swan  the,seven towers  the,moreta: dragonlady of pern
moreta: dragonlady of pern,spellsinger,daughter of witches,escape velocity,
dance of the hag,magician's gambit,necromancer nine,spellsinger,
matter for men  a,,,,
against infinity,robots of dawn  the,christine,,
integral trees  the,unforsaken hiero  the,against infinity,eye of cat,gods of riverworld  the
steps of the sun,armageddon rag  the,mists of avalon  the,millennium,dragon waiting  the
broken symmetries,superluminal,,,
worthing chronicle  the,robots of dawn  the,friday,starburst,tea with the black dragon
mists of avalon  the,robots of dawn  the,citadel of the autarch  the,armageddon rag  the,tree of swords and jewels  the
void captain's tale  the,welcome chaos,tea with the black dragon,anubis gates  the,
millennium,,,,
rocheworld,,,,
tea with the black dragon,anubis gates  the,daughter of witches,songs from the drowned lands,winter's tale
40 000 in gehenna,thendara house,prelude to chaos,zen gun  the,
40 000 in gehenna,thendara house,,,
40 000 in gehanna,thendara house,,,
40 000 in gehenna,thendara house,,,
robots of dawn  the,startide rising,matter for men  a,,
robots of dawn  the,void captain's tale  the,matter for men  a,mindspell,
void captain's tale  the,robots of dawn  the,matter for men  a,startide rising,man who used the universe  the
gods of riverworld  the,matter for men  a,anubis gates  the,,
citadel of the autarch  the,orion shall rise,against infinity,void captain's tale  the,dragon waiting  the
armageddon rag  the,,,,
blackcollar  the,startide rising,tea with the black dragon,,
thendara house,king's blood four,moreta: dragonlady of pern,mists of avalon  the,
hart's hope,dreamstone  the,tree of swords and jewels  the,anubis gates  the,man who used the universe  the
startide rising,varkhaus conspiracy  the,,,
streetlethal,matter for men  a,,,
robots of dawn  the,helliconia summer,moreta: dragonlady of pern,worlds apart,code of the lifemaker
startide rising,,,,
superluminal,moreta: dragonlady of pern,matter for men  a,,
tea with the black dragon,against infinity,armageddon rag  the,,
startide rising,across the sea of suns,orion shall rise,valentine pontifex,cugel's saga
anubis gates  the,wounded sky  the,aquiliad  the,yesterday's son,
friday,moreta: dragonlady of pern,,,
armageddon rag  the,citadel of the autarch  the,millennium,,
single combat,unforsaken hiero  the,manna,moreta: dragonlady of pern,robots of dawn  the
unforsaken hiero  the,robots of dawn  the,,,
celestial steam locomotive  the,superluminal,anubis gates  the,,
startide rising,unforsaken hiero  the,void captain's tale  the,,
moreta: dragonlady of pern,dragon on a pedestal,,,
40 000 in gehenna,dreamstone  the,tree of swords and jewels  the,,
matter for men  a,,,,
citadel of the autarch  the,code of the lifemaker,moreta: dragonlady of pern,void captain's tale  the,tea with the black dragon
on a pale horse,robots of dawn  the,white gold wielder,moreta: dragonlady of pern,valentine pontifex
void captain's tale  the,armageddon rag  the,,,
helliconia summer,startide rising,,,
helliconia summer,startide rising,,,
helliconia summer,startide rising,,,
helliconia summer,startide rising,,,
helliconia summer,startide rising,,,
helliconia summer,startide rising,,,
helliconia summer,startide rising,,,
millennium,orion shall rise,wall around a star,40 000 in gehenna,annals of klepsis
sleeping dragon  the,moreta: dragonlady of pern,when voiha wakes,tea with the black dragon,tree of swords and jewels  the
tea with the black dragon,damiano,blue sword  the,thendara house,armies of daylight  the
helliconia summer,robots of dawn  the,thendara house,moreta: dragonlady of pern,matter for men  a
armageddon rag  the,,,,
against infinity,startide rising,,,
40 000 in gehenna,,,,
computerworld,thendara house,tree of swords and jewels  the,,
white plague  the,white gold wielder,,,
anubis gates  the,40 000 in gehenna,moreta: dragonlady of pern,startide rising,welcome chaos
startide rising,millennium,,,
mists of avalon  the,robots of dawn  the,orion shall rise,startide rising,void captain's tale  the
mists of avalon  the,citadel of the autarch  the,startide rising,valentine pontifex,robots of dawn  the
helliconia summer,dance of the hag,robots of dawn  the,against infinity,armageddon rag  the
startide rising,,,,
startide rising,,,,
pet sematary,,,,
superluminal,neveryona,hart's hope,touch the stars: emergence,sidney's comet
christine,moreta: dragonlady of pern,void captain's tale  the,mists of avalon  the,phantoms
thendara house,,,,
thendara house,moreta: dragonlady of pern,,,
sleeping dragon  the,,,,
sleeping dragon  the,,,,
annals of klepsis,welcome chaos,armageddon rag  the,void captain's tale  the,
against infinity,armageddon rag  the,millennium,worlds apart,robots of dawn  the
startide rising,40 000 in gehenna,neveryona,gateway iii (heechee rendezvous),crucible of time  the
citadel of the autarch  the,mindkiller,first book of swords  the,,
robots of dawn  the,code of the lifemaker,last gasp  the,millennium,tik-tok
startide rising,anubis gates  the,moreta: dragonlady of pern,against infinity,matter for men  a
citadel of the autarch  the,against infinity,armageddon rag  the,anubis gates  the,worlds apart
citadel of the autarch  the,armageddon rag  the,worlds apart,,
startide rising,citadel of the autarch  the,valentine pontifex,robots of dawn  the,
sleeping dragon  the,,,,
sleeping dragon  the,,,,
sleeping dragon  the,,,,
sleeping dragon  the,,,,
sleeping dragon  the,,,,
sleeping dragon  the,,,,
sleeping dragon  the,,,,
orion shall rise,startide rising,citadel of the autarch  the,against infinity,lyonesse
sleeping dragon  the,,,,
sleeping dragon  the,,,,
void captain's tale  the,armageddon rag  the,,,
citadel of the autarch  the,,,,
fevre dream,floating dragon,sword of winter  the,unforsaken hiero  the,
moreta: dragonlady of pern,,,,
sleeping dragon  the,,,,
sleeping dragon  the,,,,
sleeping dragon  the,,,,
citadel of the autarch  the,lyonesse,neveryona,,
integral trees,startide rising,blackcollar  the,,
void captain's tale  the,robots of dawn  the,lyonesse,,
