minor,minor,minor,1,10
17,minor,11,5,1
minor,minor,minor,1,15
25,4,5,13,3
minor,minor,minor,minor,17
8,minor,13,12,minor
minor,10,1,3,minor
4,15,minor,5,minor
minor,2,minor,1,minor
minor,minor,1,2,25
19,minor,minor,minor,minor
minor,minor,minor,3,21
minor,9,5,minor,18
3,5,8,7,1
minor,minor,minor,minor,25
13,minor,5,7,18
23,21,20,16,minor
23,minor,4,12,minor
minor,minor,minor,minor,minor
1,13,minor,24,23
22,1,25,3,2
8,minor,1,minor,5
minor,minor,20,minor,3
minor,21,minor,minor,minor
1,minor,5,4,22
19,minor,21,5,11
19,8,25,minor,4
minor,minor,minor,11,minor
1,minor,minor,minor,4
5,minor,1,2,24
minor,18,minor,minor,minor
4,5,minor,minor,12
19,16,minor,minor,2
5,minor,minor,minor,minor
7,minor,minor,minor,minor
minor,minor,1,15,minor
13,24,minor,minor,16
17,minor,minor,minor,7
8,5,minor,minor,14
24,minor,3,minor,minor
minor,4,minor,5,minor
minor,10,minor,7,minor
1,minor,7,24,minor
minor,minor,9,minor,minor
1,4,10,minor,14
17,minor,19,18,minor
24,22,4,minor,minor
19,minor,2,4,13
3,minor,minor,minor,20
minor,3,minor,21,17
8,11,5,1,13
minor,minor,minor,2,1
1,minor,18,4,11
minor,minor,17,14,3
minor,minor,minor,12,minor
3,10,minor,minor,minor
7,8,14,minor,1
24,4,21,10,minor
minor,5,minor,20,minor
minor,minor,minor,25,19
1,minor,minor,minor,19
minor,minor,2,minor,5
9,minor,2,minor,minor
8,minor,16,minor,7
23,8,4,minor,minor
24,minor,1,14,2
minor,13,minor,minor,minor
7,minor,minor,minor,1
17,minor,14,3,minor
minor,10,3,12,15
22,3,4,minor,11
14,17,23,11,3
9,2,8,minor,minor
10,19,minor,13,1
4,minor,3,8,1
4,2,minor,minor,minor
minor,minor,3,minor,17
minor,minor,minor,1,5
minor,minor,minor,9,17
minor,16,19,1,minor
minor,1,15,4,2
7,9,23,21,minor
minor,minor,1,minor,22
12,minor,minor,20,8
minor,minor,5,minor,19
15,13,minor,minor,5
minor,18,minor,minor,2
4,5,minor,1,minor
2,minor,11,minor,minor
1,minor,minor,19,23
18,minor,12,minor,13
minor,4,minor,21,2
23,13,minor,2,16
minor,minor,12,18,minor
8,minor,minor,1,4
5,4,1,minor,minor
minor,4,2,minor,7
10,minor,minor,minor,17
minor,minor,8,9,minor
25,minor,11,minor,minor
minor,minor,1,minor,24
minor,3,20,1,minor
5,minor,20,8,minor
minor,minor,22,1,19
5,minor,1,24,16
minor,8,7,19,minor
minor,minor,21,16,5
minor,17,5,2,minor
4,minor,minor,1,10
minor,minor,minor,minor,14
9,24,17,3,minor
minor,minor,2,1,4
11,minor,22,minor,8
minor,minor,minor,minor,21
minor,1,9,minor,minor
13,minor,1,minor,15
14,minor,minor,minor,minor
minor,minor,3,1,minor
minor,7,minor,5,minor
3,13,1,12,minor
9,21,1,8,minor
minor,3,5,minor,minor
minor,2,minor,8,minor
5,minor,minor,7,minor
minor,minor,2,1,minor
22,minor,5,minor,minor
1,minor,minor,minor,22
8,minor,minor,14,25
minor,5,minor,minor,minor
21,8,minor,minor,23
minor,1,2,21,4
minor,22,14,minor,10
15,minor,minor,minor,minor
11,minor,minor,17,4
minor,12,1,minor,3
minor,20,minor,minor,25
minor,2,minor,minor,4
minor,minor,18,5,minor
minor,minor,21,minor,minor
minor,5,20,18,7
minor,18,5,minor,minor
15,minor,24,minor,9
8,minor,minor,1,4
minor,minor,7,minor,1
minor,minor,minor,9,minor
23,minor,minor,minor,minor
1,minor,15,minor,24
9,2,14,8,1
10,8,20,3,minor
minor,20,minor,19,4
2,minor,4,9,15
20,minor,1,3,7
minor,3,17,16,11
minor,24,2,minor,12
1,8,minor,5,25
minor,20,17,1,minor
17,minor,minor,minor,1
9,5,minor,minor,8
5,minor,3,minor,minor
4,2,15,14,7
minor,2,9,minor,minor
1,16,minor,11,minor
minor,minor,18,minor,4
25,minor,18,1,21
minor,minor,20,minor,minor
5,minor,minor,14,minor
10,minor,minor,20,19
7,minor,3,2,15
13,minor,8,1,minor
11,minor,minor,minor,18
19,14,minor,minor,minor
2,minor,20,7,minor
12,minor,3,1,15
22,minor,3,minor,4
minor,15,10,4,7
minor,minor,23,24,minor
minor,21,1,23,24
minor,15,24,minor,minor
9,minor,4,minor,20
9,minor,4,2,23
minor,minor,13,17,8
9,22,minor,2,10
16,22,minor,13,minor
minor,minor,13,18,9
4,9,1,11,20
7,9,3,15,minor
4,25,9,10,minor
11,9,4,14,minor
3,5,7,minor,4
5,minor,11,minor,10
1,minor,12,minor,25
minor,15,16,21,17
7,13,10,minor,22
4,9,minor,8,2
minor,minor,24,4,minor
minor,2,12,1,minor
minor,minor,minor,7,14
2,minor,minor,minor,3
1,minor,minor,minor,2
1,minor,minor,4,22
1,minor,15,5,7
minor,minor,17,minor,19
minor,minor,minor,2,3
minor,13,minor,7,23
minor,2,7,minor,15
25,minor,minor,16,2
5,14,minor,minor,minor
2,18,8,minor,minor
minor,17,minor,minor,4
1,minor,16,minor,3
minor,15,25,3,23
15,minor,1,17,minor
8,minor,10,minor,5
2,16,17,5,4
minor,minor,17,16,minor
minor,8,2,19,minor
minor,minor,minor,minor,5
20,3,minor,minor,2
4,minor,2,5,minor
minor,1,minor,10,5
minor,3,8,4,minor
23,minor,25,9,minor
minor,minor,minor,25,minor
minor,minor,minor,minor,9
21,17,22,minor,11
minor,19,minor,24,minor
5,12,minor,25,14
minor,minor,minor,12,minor
5,13,4,minor,11
minor,7,minor,4,minor
25,12,1,18,13
minor,18,23,minor,minor
13,9,minor,21,10
minor,minor,minor,minor,3
minor,minor,minor,19,10
4,minor,minor,10,minor
8,13,15,5,2
8,15,minor,minor,minor
11,minor,9,1,12
9,minor,16,1,minor
22,5,3,2,minor
20,10,minor,minor,1
22,18,5,minor,minor
2,minor,23,minor,7
minor,8,minor,minor,minor
minor,1,17,9,2
minor,minor,22,minor,minor
10,minor,18,1,minor
minor,minor,minor,23,1
5,minor,minor,minor,3
13,1,minor,22,3
2,25,5,minor,minor
25,7,16,minor,15
minor,12,13,10,5
4,minor,minor,5,minor
minor,minor,minor,4,1
minor,minor,minor,24,3
16,minor,minor,minor,7
minor,23,minor,1,8
minor,1,2,minor,20
minor,18,10,9,minor
5,21,2,15,minor
15,9,3,minor,minor
1,minor,minor,minor,minor
minor,22,3,11,minor
1,minor,minor,7,23
2,4,minor,20,3
8,minor,17,minor,1
23,7,minor,11,minor
2,7,minor,22,20
3,5,11,9,minor
23,25,minor,minor,7
8,3,minor,15,minor
12,minor,9,minor,18
minor,23,minor,1,3
24,11,minor,minor,15
4,minor,14,13,2
minor,minor,4,1,minor
16,minor,21,minor,1
minor,23,minor,9,minor
16,minor,19,minor,22
minor,minor,12,1,minor
12,minor,1,minor,minor
19,minor,20,minor,minor
20,1,minor,10,14
minor,1,minor,9,7
minor,minor,19,5,15
14,10,23,1,minor
3,minor,17,7,14
minor,25,10,minor,8
14,21,1,3,12
8,minor,2,13,12
minor,1,8,3,4
1,minor,minor,9,minor
minor,minor,minor,16,11
4,minor,1,24,minor
minor,13,minor,2,4
1,14,8,7,minor
minor,minor,minor,minor,minor
16,18,22,minor,minor
minor,3,minor,minor,1
12,5,minor,minor,19
minor,12,minor,minor,13
minor,4,3,21,13
minor,22,minor,3,minor
11,16,5,minor,minor
minor,2,17,15,minor
1,minor,12,25,5
minor,minor,10,minor,11
17,minor,minor,20,minor
15,4,16,minor,minor
minor,minor,3,minor,minor
minor,minor,4,3,minor
15,2,21,8,3
minor,minor,13,minor,minor
24,4,3,19,minor
7,9,2,5,8
minor,2,minor,minor,minor
minor,minor,2,minor,17
minor,minor,12,minor,14
minor,minor,3,20,18
4,12,1,19,minor
minor,minor,minor,minor,7
minor,minor,7,24,4
minor,16,11,minor,none
minor,8,22,7,none
minor,10,minor,minor,none
25,minor,minor,minor,none
22,minor,8,minor,none
15,minor,minor,5,none
16,minor,14,5,none
minor,minor,3,13,none
23,14,18,9,none
3,minor,8,minor,none
16,2,minor,minor,none
18,3,11,minor,none
4,minor,minor,minor,none
3,11,minor,minor,none
11,1,14,8,none
minor,2,4,minor,none
minor,minor,24,3,none
13,9,minor,12,none
2,minor,14,minor,none
minor,2,10,7,none
3,25,11,9,none
12,minor,18,11,none
12,minor,minor,9,none
minor,minor,5,minor,none
minor,11,13,5,none
minor,3,minor,minor,none
11,24,25,minor,none
11,minor,1,14,none
minor,minor,minor,16,none
minor,17,minor,4,none
minor,minor,minor,4,none
minor,minor,minor,1,none
minor,17,2,minor,none
1,2,11,minor,none
20,minor,5,2,none
minor,19,minor,minor,none
minor,1,2,minor,none
minor,minor,14,19,none
minor,minor,minor,minor,none
minor,minor,minor,minor,none
2,1,minor,15,none
2,15,1,16,none
14,13,minor,minor,none
10,21,7,minor,none
minor,minor,minor,17,none
minor,5,minor,4,none
minor,1,12,minor,none
11,4,5,2,none
17,minor,4,3,none
8,17,minor,minor,none
minor,13,19,1,none
minor,1,2,minor,none
4,minor,5,8,none
minor,minor,18,2,none
minor,minor,3,2,none
5,minor,minor,19,none
15,minor,minor,minor,none
minor,1,5,23,none
minor,1,23,minor,none
13,minor,16,minor,none
4,minor,minor,2,none
1,10,17,2,none
15,minor,4,1,none
minor,minor,minor,7,none
minor,minor,minor,1,none
11,1,minor,minor,none
1,minor,minor,22,none
2,minor,1,23,none
minor,22,minor,24,none
21,25,minor,5,none
10,5,2,25,none
22,minor,1,10,none
1,minor,minor,19,none
minor,12,minor,5,none
minor,4,9,minor,none
2,19,minor,10,none
minor,20,minor,minor,none
7,12,minor,11,none
19,20,1,minor,none
minor,minor,7,13,none
minor,18,8,10,none
minor,21,minor,2,none
11,4,1,14,none
minor,5,3,11,none
10,minor,minor,minor,none
minor,minor,1,minor,none
9,2,minor,12,none
8,minor,minor,minor,none
8,minor,12,minor,none
17,1,minor,minor,none
19,minor,15,1,none
11,minor,2,8,none
minor,25,20,minor,none
20,2,minor,16,none
16,2,minor,minor,none
minor,minor,5,15,none
2,minor,minor,minor,none
minor,3,8,2,none
11,minor,4,minor,none
minor,9,11,minor,none
9,2,minor,minor,none
18,minor,12,13,none
minor,minor,23,14,none
minor,minor,minor,25,none
9,11,minor,minor,none
minor,8,10,minor,none
minor,4,minor,minor,none
1,12,minor,minor,none
minor,minor,13,8,none
11,12,10,4,none
minor,19,minor,1,none
4,3,minor,16,none
minor,3,minor,16,none
11,16,10,minor,none
minor,5,19,2,none
minor,minor,minor,minor,none
22,minor,minor,minor,none
minor,7,19,minor,none
11,minor,22,3,none
1,3,minor,15,none
minor,minor,minor,minor,none
minor,minor,minor,minor,none
20,10,2,4,none
minor,9,minor,10,none
7,minor,23,minor,none
minor,minor,minor,minor,none
1,25,15,minor,none
16,2,minor,minor,none
minor,2,20,5,none
8,2,1,11,none
8,11,4,7,none
22,minor,5,20,none
minor,minor,1,2,none
7,minor,1,minor,none
minor,17,12,minor,none
18,11,minor,minor,none
10,minor,23,minor,none
minor,5,minor,minor,none
25,8,2,16,none
minor,13,4,minor,none
22,minor,minor,minor,none
4,25,11,1,none
12,minor,4,minor,none
minor,minor,minor,minor,none
4,minor,minor,9,none
3,18,20,1,none
8,minor,minor,minor,none
4,15,1,minor,none
1,minor,8,4,none
minor,10,8,minor,none
minor,minor,minor,minor,none
minor,minor,minor,5,none
minor,7,minor,16,none
4,13,minor,minor,none
minor,minor,11,3,none
minor,minor,1,minor,none
8,2,minor,5,none
21,minor,1,4,none
minor,minor,minor,3,none
25,14,minor,4,none
14,minor,minor,5,none
minor,minor,4,5,none
1,5,21,none,none
minor,11,3,none,none
17,8,14,none,none
minor,16,19,none,none
16,2,25,none,none
minor,7,1,none,none
22,minor,minor,none,none
minor,minor,minor,none,none
3,minor,minor,none,none
20,minor,minor,none,none
9,minor,7,none,none
minor,21,20,none,none
minor,12,4,none,none
7,8,24,none,none
7,minor,18,none,none
minor,minor,5,none,none
minor,12,19,none,none
23,minor,minor,none,none
9,minor,1,none,none
7,2,minor,none,none
17,4,23,none,none
minor,minor,13,none,none
13,21,1,none,none
5,1,4,none,none
minor,minor,4,none,none
4,13,21,none,none
minor,17,1,none,none
minor,minor,19,none,none
minor,minor,minor,none,none
13,14,minor,none,none
3,12,4,none,none
minor,14,25,none,none
14,21,minor,none,none
22,minor,20,none,none
3,minor,minor,none,none
minor,4,minor,none,none
minor,minor,5,none,none
8,minor,22,none,none
5,minor,1,none,none
7,minor,minor,none,none
minor,minor,16,none,none
minor,7,5,none,none
3,minor,minor,none,none
17,2,minor,none,none
3,12,4,none,none
minor,minor,17,none,none
minor,23,minor,none,none
minor,10,14,none,none
2,23,13,none,none
1,3,16,none,none
10,minor,7,none,none
3,minor,1,none,none
minor,3,25,none,none
minor,8,minor,none,none
minor,22,24,none,none
minor,20,minor,none,none
minor,22,25,none,none
20,minor,14,none,none
minor,5,1,none,none
minor,minor,24,none,none
3,5,20,none,none
4,9,minor,none,none
minor,minor,minor,none,none
17,4,3,none,none
minor,7,2,none,none
7,minor,1,none,none
12,minor,5,none,none
17,2,4,none,none
minor,9,minor,none,none
15,3,9,none,none
19,5,minor,none,none
minor,4,minor,none,none
minor,8,minor,none,none
3,10,7,none,none
18,minor,minor,none,none
9,minor,minor,none,none
minor,minor,2,none,none
minor,8,4,none,none
9,7,3,none,none
minor,minor,minor,none,none
minor,2,minor,none,none
minor,1,25,none,none
24,minor,8,none,none
4,7,3,none,none
16,24,3,none,none
2,5,12,none,none
1,minor,3,none,none
minor,minor,minor,none,none
3,10,minor,none,none
minor,1,5,none,none
4,minor,minor,none,none
minor,minor,minor,none,none
1,minor,18,none,none
1,minor,8,none,none
3,2,minor,none,none
8,minor,minor,none,none
minor,minor,minor,none,none
18,minor,minor,none,none
22,minor,4,none,none
minor,20,3,none,none
10,7,11,none,none
10,23,20,none,none
minor,2,4,none,none
24,minor,25,none,none
8,3,14,none,none
minor,24,13,none,none
3,minor,1,none,none
minor,15,1,none,none
minor,14,minor,none,none
2,minor,1,none,none
15,1,minor,none,none
18,2,16,none,none
23,1,3,none,none
5,minor,21,none,none
3,minor,16,none,none
14,minor,11,none,none
minor,minor,minor,none,none
9,minor,20,none,none
minor,minor,10,none,none
23,minor,minor,none,none
3,minor,4,none,none
19,minor,minor,none,none
minor,3,minor,none,none
minor,14,1,none,none
14,25,12,none,none
minor,19,2,none,none
minor,minor,8,none,none
23,minor,3,none,none
minor,minor,minor,none,none
18,minor,minor,none,none
3,7,minor,none,none
minor,5,24,none,none
minor,minor,23,none,none
15,10,17,none,none
minor,5,4,none,none
minor,minor,2,none,none
2,7,minor,none,none
9,minor,minor,none,none
22,minor,1,none,none
minor,minor,minor,none,none
minor,minor,18,none,none
minor,14,24,none,none
minor,21,7,none,none
minor,24,minor,none,none
minor,minor,3,none,none
minor,minor,23,none,none
22,minor,7,none,none
minor,2,minor,none,none
minor,minor,1,none,none
minor,minor,15,none,none
11,2,13,none,none
19,4,minor,none,none
minor,2,minor,none,none
minor,21,9,none,none
minor,minor,1,none,none
22,8,minor,none,none
9,10,2,none,none
20,minor,1,none,none
minor,minor,minor,none,none
4,15,20,none,none
minor,minor,7,none,none
8,minor,minor,none,none
7,21,none,none,none
4,21,none,none,none
5,4,none,none,none
minor,minor,none,none,none
18,minor,none,none,none
1,17,none,none,none
minor,minor,none,none,none
minor,21,none,none,none
16,1,none,none,none
12,11,none,none,none
15,21,none,none,none
9,1,none,none,none
minor,minor,none,none,none
24,minor,none,none,none
1,minor,none,none,none
minor,minor,none,none,none
3,minor,none,none,none
minor,16,none,none,none
minor,3,none,none,none
12,7,none,none,none
12,minor,none,none,none
1,4,none,none,none
5,minor,none,none,none
3,minor,none,none,none
minor,1,none,none,none
2,12,none,none,none
8,minor,none,none,none
24,2,none,none,none
18,minor,none,none,none
minor,18,none,none,none
11,minor,none,none,none
1,minor,none,none,none
minor,3,none,none,none
14,18,none,none,none
minor,23,none,none,none
minor,minor,none,none,none
4,22,none,none,none
1,minor,none,none,none
minor,3,none,none,none
18,20,none,none,none
24,13,none,none,none
5,10,none,none,none
21,3,none,none,none
minor,5,none,none,none
18,7,none,none,none
1,4,none,none,none
24,minor,none,none,none
minor,minor,none,none,none
minor,minor,none,none,none
minor,minor,none,none,none
2,12,none,none,none
15,13,none,none,none
4,minor,none,none,none
minor,minor,none,none,none
3,minor,none,none,none
3,5,none,none,none
1,minor,none,none,none
16,3,none,none,none
minor,minor,none,none,none
13,25,none,none,none
minor,minor,none,none,none
minor,minor,none,none,none
13,11,none,none,none
minor,12,none,none,none
9,minor,none,none,none
9,8,none,none,none
16,9,none,none,none
3,minor,none,none,none
minor,minor,none,none,none
3,minor,none,none,none
1,minor,none,none,none
7,3,none,none,none
1,21,none,none,none
4,minor,none,none,none
4,21,none,none,none
minor,2,none,none,none
minor,17,none,none,none
minor,21,none,none,none
minor,19,none,none,none
3,12,none,none,none
minor,9,none,none,none
minor,minor,none,none,none
18,minor,none,none,none
minor,minor,none,none,none
8,24,none,none,none
17,12,none,none,none
minor,21,none,none,none
minor,minor,none,none,none
minor,13,none,none,none
minor,minor,none,none,none
minor,2,none,none,none
21,8,none,none,none
24,8,none,none,none
17,7,none,none,none
1,11,none,none,none
minor,minor,none,none,none
14,21,none,none,none
7,minor,none,none,none
minor,22,none,none,none
minor,7,none,none,none
8,minor,none,none,none
16,8,none,none,none
21,3,none,none,none
minor,minor,none,none,none
12,2,none,none,none
15,minor,none,none,none
minor,24,none,none,none
14,9,none,none,none
minor,1,none,none,none
minor,minor,none,none,none
1,minor,none,none,none
minor,minor,none,none,none
8,minor,none,none,none
minor,4,none,none,none
minor,minor,none,none,none
minor,minor,none,none,none
9,minor,none,none,none
9,minor,none,none,none
1,minor,none,none,none
minor,minor,none,none,none
16,minor,none,none,none
minor,2,none,none,none
minor,16,none,none,none
24,17,none,none,none
12,8,none,none,none
minor,11,none,none,none
minor,minor,none,none,none
15,minor,none,none,none
4,11,none,none,none
2,7,none,none,none
minor,minor,none,none,none
19,4,none,none,none
4,minor,none,none,none
3,7,none,none,none
minor,3,none,none,none
minor,3,none,none,none
4,minor,none,none,none
4,5,none,none,none
25,minor,none,none,none
minor,10,none,none,none
7,3,none,none,none
14,3,none,none,none
7,13,none,none,none
3,13,none,none,none
minor,3,none,none,none
9,minor,none,none,none
minor,13,none,none,none
24,1,none,none,none
2,minor,none,none,none
minor,minor,none,none,none
minor,22,none,none,none
minor,23,none,none,none
2,5,none,none,none
minor,14,none,none,none
17,minor,none,none,none
minor,23,none,none,none
minor,3,none,none,none
minor,1,none,none,none
5,minor,none,none,none
14,minor,none,none,none
minor,7,none,none,none
7,1,none,none,none
minor,none,none,none,none
minor,none,none,none,none
minor,none,none,none,none
minor,none,none,none,none
11,none,none,none,none
minor,none,none,none,none
1,none,none,none,none
minor,none,none,none,none
minor,none,none,none,none
minor,none,none,none,none
22,none,none,none,none
4,none,none,none,none
minor,none,none,none,none
minor,none,none,none,none
25,none,none,none,none
minor,none,none,none,none
minor,none,none,none,none
18,none,none,none,none
minor,none,none,none,none
13,none,none,none,none
minor,none,none,none,none
18,none,none,none,none
22,none,none,none,none
minor,none,none,none,none
22,none,none,none,none
10,none,none,none,none
3,none,none,none,none
2,none,none,none,none
minor,none,none,none,none
5,none,none,none,none
4,none,none,none,none
10,none,none,none,none
23,none,none,none,none
minor,none,none,none,none
4,none,none,none,none
15,none,none,none,none
minor,none,none,none,none
minor,none,none,none,none
1,none,none,none,none
minor,none,none,none,none
2,none,none,none,none
1,none,none,none,none
minor,none,none,none,none
minor,none,none,none,none
3,none,none,none,none
minor,none,none,none,none
minor,none,none,none,none
minor,none,none,none,none
5,none,none,none,none
12,none,none,none,none
9,none,none,none,none
minor,none,none,none,none
10,none,none,none,none
5,none,none,none,none
minor,none,none,none,none
minor,none,none,none,none
minor,none,none,none,none
24,none,none,none,none
5,none,none,none,none
10,none,none,none,none
25,none,none,none,none
7,none,none,none,none
minor,none,none,none,none
1,none,none,none,none
1,none,none,none,none
1,none,none,none,none
minor,none,none,none,none
minor,none,none,none,none
minor,none,none,none,none
9,none,none,none,none
5,none,none,none,none
16,none,none,none,none
18,none,none,none,none
minor,none,none,none,none
minor,none,none,none,none
15,none,none,none,none
7,none,none,none,none
minor,none,none,none,none
19,none,none,none,none
minor,none,none,none,none
minor,none,none,none,none
24,none,none,none,none
minor,none,none,none,none
minor,none,none,none,none
minor,none,none,none,none
10,none,none,none,none
25,none,none,none,none
23,none,none,none,none
19,none,none,none,none
minor,none,none,none,none
1,none,none,none,none
3,none,none,none,none
minor,none,none,none,none
minor,none,none,none,none
10,none,none,none,none
minor,none,none,none,none
5,none,none,none,none
minor,none,none,none,none
24,none,none,none,none
minor,none,none,none,none
minor,none,none,none,none
minor,none,none,none,none
13,none,none,none,none
4,none,none,none,none
14,none,none,none,none
5,none,none,none,none
2,none,none,none,none
minor,none,none,none,none
7,none,none,none,none
18,none,none,none,none
minor,none,none,none,none
7,none,none,none,none
4,none,none,none,none
3,none,none,none,none
minor,none,none,none,none
16,none,none,none,none
minor,none,none,none,none
10,none,none,none,none
minor,none,none,none,none
minor,none,none,none,none
2,none,none,none,none
2,none,none,none,none
23,none,none,none,none
1,none,none,none,none
25,none,none,none,none
18,none,none,none,none
11,none,none,none,none
14,none,none,none,none
10,none,none,none,none
8,none,none,none,none
minor,none,none,none,none
22,none,none,none,none
10,none,none,none,none
19,none,none,none,none
17,none,none,none,none
20,none,none,none,none
21,none,none,none,none
19,none,none,none,none
2,none,none,none,none
minor,none,none,none,none
7,none,none,none,none
minor,none,none,none,none
minor,none,none,none,none
14,none,none,none,none
12,none,none,none,none
minor,none,none,none,none
minor,none,none,none,none
minor,none,none,none,none
2,none,none,none,none
minor,none,none,none,none
minor,none,none,none,none
1,none,none,none,none
10,none,none,none,none
minor,none,none,none,none
minor,none,none,none,none
minor,none,none,none,none
5,none,none,none,none
minor,none,none,none,none
13,none,none,none,none
2,none,none,none,none
24,none,none,none,none
minor,none,none,none,none
minor,none,none,none,none
2,none,none,none,none
8,none,none,none,none
9,none,none,none,none
2,none,none,none,none
minor,none,none,none,none
21,none,none,none,none
23,none,none,none,none
18,none,none,none,none
15,none,none,none,none
minor,none,none,none,none
25,none,none,none,none
minor,none,none,none,none
9,none,none,none,none
minor,none,none,none,none
25,none,none,none,none
minor,none,none,none,none
minor,none,none,none,none
1,none,none,none,none
7,none,none,none,none
12,none,none,none,none
11,none,none,none,none
minor,none,none,none,none
18,none,none,none,none
2,none,none,none,none
20,none,none,none,none
8,none,none,none,none
10,none,none,none,none
19,none,none,none,none
minor,none,none,none,none
minor,none,none,none,none
minor,none,none,none,none
11,none,none,none,none
5,none,none,none,none
minor,none,none,none,none
minor,none,none,none,none
3,none,none,none,none
minor,none,none,none,none
3,none,none,none,none
minor,none,none,none,none
6,none,none,none,none
6,none,none,none,none
6,none,none,none,none
6,none,none,none,none
6,none,none,none,none
6,none,none,none,none
6,none,none,none,none
6,none,none,none,none
6,none,none,none,none
6,none,none,none,none
6,none,none,none,none
6,none,none,none,none
6,none,none,none,none
6,none,none,none,none
6,none,none,none,none
6,none,none,none,none
6,none,none,none,none
6,none,none,none,none
6,none,none,none,none
6,none,none,none,none
6,none,none,none,none
6,none,none,none,none
6,none,none,none,none
6,none,none,none,none
6,none,none,none,none
6,none,none,none,none
6,none,none,none,none
6,none,none,none,none
6,none,none,none,none
6,none,none,none,none
6,none,none,none,none
6,none,none,none,none
6,none,none,none,none
6,none,none,none,none
6,none,none,none,none
6,none,none,none,none
6,none,none,none,none
6,none,none,none,none
6,none,none,none,none
6,none,none,none,none
6,none,none,none,none
6,none,none,none,none
6,none,none,none,none
6,none,none,none,none
6,none,none,none,none
6,none,none,none,none
6,none,none,none,none
6,none,none,none,none
6,none,none,none,none
6,none,none,none,none
6,none,none,none,none
6,none,none,none,none
6,none,none,none,none
6,none,none,none,none
6,none,none,none,none
6,none,none,none,none
6,none,none,none,none
6,none,none,none,none
6,none,none,none,none
6,none,none,none,none
6,none,none,none,none
6,none,none,none,none
6,none,none,none,none
6,none,none,none,none
6,none,none,none,none
6,none,none,none,none
6,none,none,none,none
6,none,none,none,none
6,none,none,none,none
6,none,none,none,none
6,none,none,none,none
6,none,none,none,none
6,none,none,none,none
6,none,none,none,none
6,none,none,none,none
6,none,none,none,none
6,none,none,none,none
6,none,none,none,none
6,none,none,none,none
6,none,none,none,none
6,none,none,none,none
6,none,none,none,none
6,none,none,none,none
6,none,none,none,none
6,none,none,none,none
6,none,none,none,none
6,none,none,none,none
6,none,none,none,none
6,none,none,none,none
6,none,none,none,none
6,none,none,none,none
6,none,none,none,none
6,none,none,none,none
6,none,none,none,none
6,none,none,none,none
6,none,none,none,none
6,none,none,none,none
6,none,none,none,none
6,none,none,none,none
6,none,none,none,none
6,none,none,none,none
